Residue,RMSF
TYR 32 A,3.2228621120594307
ALA 33 A,1.8390077573728267
ARG 34 A,1.6916040905667107
GLY 35 A,1.5643441002853429
PRO 36 A,1.3312231372421905
ASN 37 A,1.051952501202777
PRO 38 A,0.9334745605892906
THR 39 A,1.2711653621617651
ALA 40 A,1.5918536482927546
ALA 41 A,1.6043581221924332
SER 42 A,1.2140769380833414
LEU 43 A,1.1088775340207937
GLU 44 A,1.330777952131373
ALA 45 A,0.8939950787729151
SER 46 A,0.9135893199604586
ALA 47 A,0.7416036957542484
GLY 48 A,0.5797641737953683
PRO 49 A,0.6165218924609073
PHE 50 A,0.5226038690273717
THR 51 A,0.6235359498884722
VAL 52 A,0.552834412894038
ARG 53 A,0.48364728635703774
SER 54 A,0.4495513760918524
PHE 55 A,0.4968050268117863
THR 56 A,0.5581169899247884
VAL 57 A,0.5750108083504964
SER 58 A,0.8646783790930569
ARG 59 A,0.6669598775349007
PRO 60 A,0.5850407397316046
SER 61 A,0.7261895146079809
GLY 62 A,1.0635957170217185
TYR 63 A,0.6770285830751857
GLY 64 A,0.660896958107192
ALA 65 A,0.4992352919924457
GLY 66 A,0.49559475620374355
THR 67 A,0.39296388126579
VAL 68 A,0.3694590469461026
TYR 69 A,0.3704934464227225
TYR 70 A,0.4142954600685711
PRO 71 A,0.4650620421741949
THR 72 A,0.7000554723240228
ASN 73 A,0.9587164132042106
ALA 74 A,0.834866568351513
GLY 75 A,1.073076955088718
GLY 76 A,0.8106831739019064
THR 77 A,0.5580057953831674
VAL 78 A,0.45429731075995466
GLY 79 A,0.3999893669114329
ALA 80 A,0.40736011065611194
ILE 81 A,0.3207198749216027
ALA 82 A,0.31010335896948277
ILE 83 A,0.30036635421201907
VAL 84 A,0.3643223350471946
PRO 85 A,0.3903314746059496
GLY 86 A,0.4881264653376187
TYR 87 A,0.5209419328532344
THR 88 A,0.5800231580799835
ALA 89 A,0.508911575380431
ARG 90 A,0.4664572924613691
GLN 91 A,0.43791573012852586
SER 92 A,0.46434974772249277
SER 93 A,0.43185064853480926
ILE 94 A,0.397557678346446
LYS 95 A,0.43337858099860094
TRP 96 A,0.41339522401542966
TRP 97 A,0.38741318776146694
GLY 98 A,0.4167372835784654
PRO 99 A,0.5454795627306216
ARG 100 A,0.6078708401112269
LEU 101 A,0.3974501550469245
ALA 102 A,0.42084027901539967
SER 103 A,0.43659309141949026
HIS 104 A,0.5315756452381248
GLY 105 A,0.5224205023266155
PHE 106 A,0.3897706083904995
VAL 107 A,0.3621669927759797
VAL 108 A,0.3201580488297202
ILE 109 A,0.31575414598115253
THR 110 A,0.33907556710327447
ILE 111 A,0.3519712489152933
ASP 112 A,0.38040928667717944
THR 113 A,0.42193274893426314
ASN 114 A,0.5053519500443701
SER 115 A,0.5260202922604675
THR 116 A,0.5563281798160156
LEU 117 A,0.5460013643401773
ASP 118 A,0.426930035976154
GLN 119 A,0.4623592187333604
PRO 120 A,0.35427947400448445
SER 121 A,0.4102394768615049
SER 122 A,0.3918557449644893
ARG 123 A,0.3284922539551569
SER 124 A,0.32494656808819083
SER 125 A,0.37633963514694935
GLN 126 A,0.33588179235289073
GLN 127 A,0.33711375258185405
MET 128 A,0.39340504111187213
ALA 129 A,0.39897959721311194
ALA 130 A,0.36025843311544464
LEU 131 A,0.385544474751892
ARG 132 A,0.4479170247660916
GLN 133 A,0.42204633487914
VAL 134 A,0.40632955219440337
ALA 135 A,0.4717931589111562
SER 136 A,0.5128755049108764
LEU 137 A,0.4812243570098137
ASN 138 A,0.47229381962084876
GLY 139 A,0.6107981139351755
THR 140 A,0.6366625352748994
SER 141 A,0.7814367902616555
SER 142 A,0.8910846852610601
SER 143 A,0.6755156737779613
PRO 144 A,0.7467722519076114
ILE 145 A,0.5773773632006979
TYR 146 A,0.5649772579573309
GLY 147 A,0.6477893933061265
LYS 148 A,0.6195731928890472
VAL 149 A,0.49689729125131393
ASP 150 A,0.5230150119269776
THR 151 A,0.6445849145138942
ALA 152 A,0.6406357307115716
ARG 153 A,0.448919397952238
MET 154 A,0.3906939060926226
GLY 155 A,0.35663703444265393
VAL 156 A,0.2886199668590203
MET 157 A,0.33726200906977655
GLY 158 A,0.3223612012086863
TRP 159 A,0.31511345116165773
SER 160 A,0.37509139559625926
MET 161 A,0.3910186250599939
GLY 162 A,0.3762665614848184
GLY 163 A,0.3652338397913952
GLY 164 A,0.4173445078793258
GLY 165 A,0.38076651511185844
SER 166 A,0.3075437351664535
LEU 167 A,0.3456639687755375
ILE 168 A,0.3316257369560902
SER 169 A,0.35002099727678837
ALA 170 A,0.4295213982244536
ALA 171 A,0.5435689921473684
ASN 172 A,0.6071914594979518
ASN 173 A,0.5351828603113159
PRO 174 A,0.5617946420869073
SER 175 A,0.5533992238271886
LEU 176 A,0.38817259126793763
LYS 177 A,0.3657935396407734
ALA 178 A,0.36431613994971807
ALA 179 A,0.3601092319945571
ALA 180 A,0.32536522044355126
PRO 181 A,0.33450290479612066
GLN 182 A,0.2820961430213782
ALA 183 A,0.35770688167712966
PRO 184 A,0.41814667990955795
TRP 185 A,0.5356128163398653
ASP 186 A,0.4834551047512099
SER 187 A,0.5892737886945081
SER 188 A,0.6398287301378661
THR 189 A,0.5753863318159447
ASN 190 A,0.5597848305782228
PHE 191 A,0.4920669799171857
SER 192 A,0.565546591224157
SER 193 A,0.6873569529463429
VAL 194 A,0.5050080488205383
THR 195 A,0.47341994682008826
VAL 196 A,0.36926476838632954
PRO 197 A,0.35763513696067095
THR 198 A,0.3181303366563989
LEU 199 A,0.3127245164261584
ILE 200 A,0.310848416598431
PHE 201 A,0.3288753245207847
ALA 202 A,0.37632640902245273
CYS 203 A,0.3936369112407009
GLU 204 A,0.4818098101829069
ASN 205 A,0.5713850954141774
ASP 206 A,0.5537178072414398
SER 207 A,0.8757456013030751
ILE 208 A,0.8371349546962971
ALA 209 A,1.0445421391878704
PRO 210 A,0.8283731873108828
VAL 211 A,0.6613459221432166
ASN 212 A,0.8109283594245137
SER 213 A,1.0415902499138228
SER 214 A,0.8447833995602921
ALA 215 A,0.6896176647184332
LEU 216 A,0.5628794993043336
PRO 217 A,0.511934960414142
ILE 218 A,0.4563424848639326
TYR 219 A,0.48584817830106725
ASP 220 A,0.5190690035494355
SER 221 A,0.49448530736461427
MET 222 A,0.5238948911220145
SER 223 A,0.6530092014035299
ARG 224 A,0.6042461487535188
ASN 225 A,0.46000343624947204
ALA 226 A,0.39782133755667054
LYS 227 A,0.35348578469910363
GLN 228 A,0.3210463019259787
PHE 229 A,0.3294411091991979
LEU 230 A,0.4115274598038496
GLU 231 A,0.4365959876789622
ILE 232 A,0.44144267567919776
ASN 233 A,0.5417392610620078
GLY 234 A,0.716812459010476
GLY 235 A,0.6620517528113423
SER 236 A,0.542386886214394
HIS 237 A,0.44899021261303085
SER 238 A,0.44388720406441123
CYS 239 A,0.4131397103325127
ALA 240 A,0.3891169886696069
ASN 241 A,0.39514461487305436
SER 242 A,0.43244711077479553
GLY 243 A,0.6112205221343814
ASN 244 A,0.4996088505749148
SER 245 A,0.6460261107186409
ASN 246 A,0.5741137920195305
GLN 247 A,0.6140082473037022
ALA 248 A,0.653437275904432
LEU 249 A,0.5165996130241941
ILE 250 A,0.4101966723664588
GLY 251 A,0.4937858021858302
LYS 252 A,0.5290960689550734
LYS 253 A,0.4590152742112179
GLY 254 A,0.47198737654212847
VAL 255 A,0.42910613011495463
ALA 256 A,0.3986260984300707
TRP 257 A,0.38696233102696526
MET 258 A,0.45100312122452413
LYS 259 A,0.47419957941688345
ARG 260 A,0.4635258381777709
PHE 261 A,0.43391846196991457
MET 262 A,0.43127877879261045
ASP 263 A,0.47081657929747706
ASN 264 A,0.6027824785865128
ASP 265 A,0.6637011792110111
THR 266 A,0.8831550146383114
ARG 267 A,0.7274346648833626
TYR 268 A,0.5958639384201023
SER 269 A,0.7387128365000557
THR 270 A,0.8105186928117335
PHE 271 A,0.6176145569664898
ALA 272 A,0.5210221741289791
CYS 273 A,0.5315764365965768
GLU 274 A,0.7015516658373061
ASN 275 A,0.5933163030843879
PRO 276 A,0.8063147731836339
ASN 277 A,0.9989907533943848
SER 278 A,0.8340149056822199
THR 279 A,0.8521527691669922
ARG 280 A,0.6457088042626526
VAL 281 A,0.5347180618100023
SER 282 A,0.5387295153703724
ASP 283 A,0.4712869170482998
PHE 284 A,0.43086613262135887
ARG 285 A,0.3860666193027835
THR 286 A,0.38687418464226164
ALA 287 A,0.41738240817998523
ASN 288 A,0.5121064407218955
CYS 289 A,0.51359719312669
SER 290 A,0.8984291137332706
LEU 291 A,1.4577004539752467
GLU 292 A,2.8589339730732863
